{
  "version": 1,
  "author": "Uri Shaked",
  "editor": "wokwi",
  "parts": [
    { "type": "wokwi-esp32-devkit-v1", "id": "esp", "top": -57.43, "left": 50.44, "attrs": {} },
    {
      "type": "wokwi-led",
      "id": "led1",
      "top": -16.91,
      "left": -87.91,
      "attrs": { "color": "red" }
    }
  ],
  "connections": [
    [ "esp:TX0", "$serialMonitor:RX", "", [] ],
    [ "esp:RX0", "$serialMonitor:TX", "", [] ],
    [ "led1:A", "esp:D25", "green", [ "v0" ] ],
    [ "esp:GND.2", "led1:C", "black", [ "h0" ] ]
  ],
  "dependencies": {}
}